,circle_id,y,x
0,0,34.7857069955809,137.88363323123235
