,circle_id,y,x
0,0,34.65378666739287,138.06870082501283
1,1,34.66789957814843,138.05456840199892
2,2,34.65486480688899,138.04050287229515
3,3,34.67891813342259,137.96850207570907
4,4,34.66858434634492,137.98461306337137
5,5,34.67036225158808,137.9890441262229
6,6,34.65790094745291,138.0200511880404
