,circle_id,y,x
0,0,34.664413190773374,138.06167157991624
1,1,34.65405657862676,138.06755307780784
2,2,34.66744856209955,138.0525696977929
3,3,34.65486480688899,138.04050287229515
4,4,34.683286182698275,137.97232030646745
5,5,34.667236046189494,137.98178340749976
6,6,34.67224991664945,137.99003072571543
7,7,34.65790094745291,138.0200511880404
8,8,34.669029195089394,138.0034755007
