,circle_id,y,x
0,0,34.65405657862676,138.06755307780784
1,1,34.66789957814843,138.05456840199892
2,2,34.66099522331093,138.02992298507613
3,3,34.65486480688899,138.04050287229515
4,4,34.672088945672954,137.9727939004354
5,5,34.683286182698275,137.97232030646745
6,6,34.67224991664945,137.99003072571543
