,circle_id,y,x
0,0,34.659418,138.074893
1,1,34.652628694128175,138.07273733174262
2,2,34.66789957814843,138.05456840199892
3,3,34.6655322325003,138.04932469981506
4,4,34.65479344690058,138.05067674048215
5,5,34.66099522331093,138.02992298507613
6,6,34.678906976949754,138.06652167141775
7,7,34.683286182698275,137.97232030646745
8,8,34.667236046189494,137.98178340749976
9,9,34.67224991664945,137.99003072571543
10,10,34.66250995850782,138.00646769183032
