NO,共通ID,都道府県名及び市町村名,施設・場所名,住所,指定緊急避難場所との住所同一,その他市町村長が必要と認める事項,受入対象者,緯度,経度,備考
42251,E2246100002111,静岡県森町,旧三倉小学校,静岡県森町三倉740,1,,,34.902459866552,137.94721066184,
42252,E2246100003111,静岡県森町,三倉総合センター,静岡県森町三倉827-1,1,,,34.8997006677885,137.943806889214,
42253,E2246100004111,静岡県森町,森小学校,静岡県森町森125,1,,,34.837856283803,137.92894238434,
42254,E2246100005111,静岡県森町,森町文化会館,静岡県森町森1485,1,,,34.826775281129,137.91934369789,
42255,E2246100006111,静岡県森町,遠江総合高等学校,静岡県森町森2085,1,,,34.835848500095,137.92585272867,
42256,E2246100007111,静岡県森町,森町総合体育館,静岡県森町森92-8,1,,,34.838103612536,137.9278040689,