{
  "lat_min": 33.166666667,
  "lat_max": 35.0,
  "lon_min": 134.0,
  "lon_max": 138.125,
  "center_lat": 34.84957456001821,
  "center_lon": 137.92890534308185,
  "municipality_name": "静岡県森町"
}